Number_Of_Bits, RMS_Error, File_Size
5, 0.247081, 6730
6, 0.122861, 8070
7, 0.061348, 9410
8, 0.030754, 10750
9, 0.015434, 12088
10, 0.007661, 13428
11, 0.003820, 14768
12, 0.001913, 16108
13, 0.000967, 17446
14, 0.000481, 18786
15, 0.000238, 20126
